{
  "dataset_version": null,
  "mteb_version": "0.0.2",
  "test": {
    "accuracy": 0.6665909090909091,
    "accuracy_stderr": 0.009221522285772176,
    "evaluation_time": 372.01,
    "f1": 0.6664661461696786,
    "f1_stderr": 0.009753163899473222,
    "main_score": 0.6665909090909091
  }
}